ab roller,Abs,,Strength,Intermediate,Other,1 or 3
adductor foam roll,Upper Legs,Adductor,Stretching,Beginner,Foam Roll,1 or 3
adductor/groin stretch,Upper Legs,Adductor,Stretching,Beginner,Body,1 or 3
advanced kettlebell windmill,Abs,Glutes,Strength,Beginner,Kettlebell,2
air bike,Cardio,,Cardio,Intermediate,Other,4
all fours quad stretch,Upper Legs,Quadriceps,Stretching,Beginner,Body,1 or 3
alternate hammer curl,Arms,Biceps,Strength,Intermediate,Dumbbell,2
alternate heel touchers,Abs,,Strength,Intermediate,Body,1 or 3
alternate incline dumbbell curl,Arms,Biceps,Strength,Intermediate,Dumbbell,2
alternate leg diagonal bound,Upper Legs,Quadriceps,Plyometrics,Beginner,Body,1 or 3
alternating cable shoulder press,Shoulders,,Strength,Beginner,Cable,2
alternating deltoid raise,Shoulders,,Strength,Beginner,Dumbbell,2
alternating floor chest press,Chest,,Strength,Beginner,Dumbbell,2
alternating hang clean,Upper Legs,Hamstrings,Strength,Beginner,Kettlebell,2
alternating kettlebell press,Shoulders,,Strength,Beginner,Kettlebell,2
alternating kettlebell row,Back,,Strength,Intermediate,Kettlebell,2
alternating lunge jump,Upper legs,Glutes,Plyometrics,Intermediate,Body,1 or 3
alternating renegade row,Back,Abs Chest,Strength,Intermediate,Dumbbell,2
ankle circles,Lower Legs,Calves,Stretching,Beginner,Body,1 or 3
ankle on the knee,Glutes,,Stretching,Beginner,Body,1 or 3
anterior tibialis foam roll,Lower Legs,Calves,Stretching,Beginner,Foam Roll,1 or 3
anti-gravity press,Shoulders,,Strength,Intermediate,EZ bar,2
arm circles,Shoulders,,Stretching,Beginner,Body,1 or 3
arnold dumbbell press,Shoulders,,Strength,Intermediate,Dumbbell,2
around the worlds,Chest,,Strength,Intermediate,Dumbbell,2
atlas stone trainer,Back,Arms,Strongman,Intermediate,Other,2
atlas stones,Back,Arms,Strongman,Intermediate,Other,2
axle deadlift,Back,,Strongman,Beginner,Other,2
ab crunch machine,Abs,,Strength,Beginner,Machine,2
back flyes with bands,Shoulders,,Strength,Beginner,Bands,1
backward drag,Upper legs,Quadriceps,Strongman,Beginner,Other,5
Behind head medicine ball throw,Shoulders,,Plyometrics,Beginner,Medicine ball,1 or 3
balance board,Lower legs,Calves,Strength,Intermediate,Other,3
exercise ball leg curl,Upper legs,Hamstrings,Strength,Intermediate,Exercise ball,1
band assisted pull-up,Back,Lats,Strength,Intermediate,Bands,2
band good morning,Upper legs,Hamstrings,Powerlifting,Beginner,Bands,2
band good morning - pull through,Upper legs,Hamstrings,Powerlifting,Beginner,Bands,2
band hip adductions,Upper legs,Adductors,Strength,Beginner,Bands,1
band pull apart,Shoulders,,Strength,Beginner,Bands,1
band skull crusher,Arms,Triceps,Strength,Intermediate,Bands,1
barbell ab rollout,Abs,,Strength,Intermediate,Barbell,1
barbell ab rollout - on knees,Abs,,Strength,Intermediate,Barbell,1
barbell bench press,Chest,,Strength,Intermediate,Barbell,2
barbell curl,Arms,Biceps,Strength,Beginner,Barbell,2
barbell curls on an incline,Arms,Biceps,Strength,Beginner,Barbell,2
barbell deadlift,Upper legs,Back,Strength,Intermediate,Barbell,2
barbell squat,Upper legs,Glutes,Strength,Intermediate,Barbell,2
barbell glute bridge,Glutes,,Strength,Intermediate,Barbell,2
barbell guillotine bench press,Chest,,Strength,Beginner,Barbell,2
barbell hack squat,Upper legs,Quadriceps,Strength,Expert,Barbell,2
barbell hip thrust,Glutes,,Strength,Intermediate,Barbell,2
barbell incline bench press,Chest,,Strength,Intermediate,Barbell,2
barbell incline shoulder raise,Shoulders,,Strength,Beginner,Barbell,2
barbell lunge,Upper Legs,Quadriceps,Strength,Beginner,Barbell,2
barbell rear delt row,Shoulders,,Strength,Intermediate,Barbell,2
barbell rollout from bench,Abs,,Strength,Intermediate,Barbell,2
barbell seated calf raise,Lower legs,Calves,Strength,Beginner,Barbell,2
barbell shoulder press,Shoulders,,Strength,Intermediate,Barbell,2
barbell shrug,Shoulders,Traps,Strength,Intermediate,Barbell,2
barbell shrug behind the back,Shoulders,Traps,Strength,Intermediate,Barbell,2
barbell side bend,Abs,,Strength,Intermediate,Barbell,2
barbell side split squat,Upper Legs,Quadriceps,Strength,Intermediate,Barbell,2
barbell squat,Upper Legs,Quadriceps,Strength,Intermediate,Barbell,2
barbell squat to a bench,Upper Legs,Quadriceps,Strength,Intermediate,Barbell,2
barbell step ups,Upper Legs,Quadriceps,Strength,Intermediate,Barbell,2
barbell walking lunge,Upper Legs,Quadriceps,Strength,Intermediate,Barbell,2
battle ropes,Shoulders,,Strength,Intermediate,Other,3
bear crawl sled drags,Upper Legs,,Strongman,Intermediate,Other,5
behind head chest stretch,Chest,,Stretching,Beginner,Other,1 or 3
bench dips,Arms,,Strength,Beginner,Body,2
bench jump,Upper Legs,Quadriceps,Plyometrics,Intermediate,Body,1 or 3
bench press - bands,Chest,,Strength,Beginner,Bands,2
bench press - chains,Chest,,Powerlifting,Intermediate,Barbell,2
bench skip,Upper legs,,Plyometrics,Beginner,Body,1 or 3
Barbell bent over row,Back,,Strength,Intermediate,Barbell,2
bent over dumbbell rear delt raise - head on bench,Shoulders,,Strength,Intermediate,Dumbbell,2
bent over low-pulley side lateral,Shoulders,,Strength,Beginner,Cable,2
bent over one-arm long bar row,Back,,Strength,Intermediate,Barbell,2
bent over two-arm long bar row,Back,,Strength,Intermediate,Barbell,2
bent over two-dumbbell row,Back,,Strength,Intermediate,Dumbbell,2
bent over two-dumbbell row with palms in,Back,,Strength,Intermediate,Dumbbell,2
bent press,Abs,,Strength,Intermediate,Kettlebells,2
bent-arm barbell pullover,Back,,Strength,Intermediate,Barbell,2
bent-arm dumbbell pullover,Chest,,Strength,Intermediate,Dumbbell,2
bent-knee hip raise,Abs,,Strength,Beginner,Body,1
Cycling,Cardio,,Cardio,Beginner,Other,4
Cycling machine,Cardio,,Cardio,Beginner,Machine,4
board bench press,Chest,,Powerlifting,Intermediate,Barbell,2
body tricep press,Triceps,,Strength,Intermediate,Body,2
body-up,Arms,Abs,Strength,Intermediate,Body,1
bodyweight flyes,Chest,,Strength,Beginner,EZ bar,2
bodyweight mid row,Back,,Strength,Expert,Other,2
bodyweight squat,Upper legs,,Strength,Beginner,Body,1
bodyweight walking lunge,Upper legs,,Strength,Beginner,Body,1
bosu ball cable crunch with side bends,Abs,,Strength,Beginner,Cable,2
bottoms up,Abs,,Strength,Beginner,Body,1
bottoms-up clean from the hang position,Arms,,Strength,Beginner,Kettlebells,1
box jump,Upper legs,Hamstrings,Plyometrics,Intermediate,Other,1 or 3
box skip,Upper legs,Hamstrings,Plyometrics,Beginner,Other,1 or 3
box squat,Upper legs,Quadriceps,Powerlifting,Beginner,Other,1
box squat with bands,Upper legs,Quadriceps,Powerlifting,Beginner,Bands,2
box squat with chains,Upper legs,Quadriceps,Powerlifting,Beginner,Other,2
brachialis foam roll,Arms,Biceps,Stretching,Beginner,Foam roll,1 or 3
bradford/rocky presses,Shoulders,,Strength,Beginner,Barbell,2
Glute bridge,Glutes,,Strength,Beginner,Body,1
butt-ups,Abs,,Strength,Beginner,Body,1
butterfly machine,Chest,,Strength,Intermediate,Machine,2
cable chest press,Chest,,Strength,Intermediate,Cable,2
cable crossover,Chest,,Strength,Intermediate,Cable,2
cable crunch,Abs,,Strength,Intermediate,Cable,2
cable deadlifts,Upper legs,Back,Strength,Beginner,Cable,2
cable hammer curls,Arms,Biceps,Strength,Beginner,Cable,2
cable hip adduction,Upper legs,Quadriceps,Strength,Beginner,Cable,2
cable incline pushdown,Back,Lats,Strength,Intermediate,Cable,2
cable incline tricep extension,Arms,Triceps,Strength,Intermediate,Cable,2
cable internal rotation,Shoulders,,Strength,Beginner,Cable,2
cable iron cross,Chest,,Strength,Beginner,Cable,2
cable judo flip,Abs,,Strength,Beginner,Cable,2
cable lying triceps extension,Arms,Triceps,Strength,Intermediate,Cable,2
cable one arm tricep extension,Arms,Triceps,Strength,Intermediate,Cable,2
cable preacher curl,Arms,Biceps,Strength,Intermediate,Cable,2
cable rear delt fly,Shoulders,,Strength,Beginner,Cable,2
cable reverse crunch,Abs,,Strength,Intermediate,Cable,2
cable rope overhead triceps extension,Arms,Triceps,Strength,Intermediate,Cable,2
cable rope rear-delt rows,Shoulders,,Strength,Intermediate,Cable,2
cable russian twists,Abs,,Strength,Intermediate,Cable,2
cable seated crunch,Abs,,Strength,Intermediate,Cable,2
cable seated lateral raise,Shoulders,,Strength,Intermediate,Cable,2
cable shoulder press,Shoulders,,Strength,Intermediate,Cable,2
cable shrugs,Shoulders,,Strength,Intermediate,Cable,2
cable tuck reverse crunch,Abs,,Strength,Expert,Cable,2
cable wrist curl,Arms,Forearm,Strength,Beginner,Cable,2
calf press,Lower legs,Calves,Strength,Beginner,Body,2
calf press on leg press machine,Lower legs,Calves,Strength,Beginner,Machine,2
calf raise on a dumbbell,Lower legs,Calves,Strength,Beginner,Dumbbell,1
calf raises - with bands,Lower legs,Calves,Strength,Beginner,Bands,1
calf stretch elbows against wall,Lower legs,Calves,Stretching,Beginner,Body,1 or 3
calf stretch hands against wall,Lower legs,Calves,Stretching,Beginner,Body,1 or 3
calf machine shoulder shrug,Shoulders,Traps,Strength,Beginner,Machine,2
Calf foam roll,Lower legs,Calves,Stretching,Beginner,Foam roll,1 or 3
car deadlift,Upper legs,Quadriceps,Strength,Beginner,Other,2
car drivers,Shoulders,,Strength,Intermediate,Other,1 or 3
carioca quick step,Upper legs,Adductors,Plyometrics,Intermediate,Body,1 or 3
cat cow,Back,,Stretching,Beginner,Body,1 or 3
catch and overhead throw,Back,,Plyometrics,Beginner,Medicine ball,1 or 3
chain handle extension,Triceps,,Powerlifting,Beginner,Other,2
chain press,Chest,,Powerlifting,Beginner,Other,2
chair leg extended stretch,Upper legs,Hamstrings,Stretching,Beginner,Other,1 or 3
chair lower back stretch,Back,Lats,Stretching,Beginner,Other,1 or 3
chair squat,Upper legs,Quadriceps,Stretching,Beginner,Other,1 or 3
chair upper body stretch,Shoulders,,Stretching,Beginner,Other,1 or 3
chest and front of shoulder stretch,Chest,Shoulders,Stretching,Beginner,Other,1 or 3
chest push,Chest,,Plyometrics,Beginner,Medicine ball,1 or 3
chest push from 3 point stance,Chest,,Plyometrics,Beginner,Medicine ball,1 or 3
chest push with run release,Chest,,Plyometrics,Beginner,Medicine ball,1 or 3
chest stretch on stability ball,Chest,,Stretching,Beginner,Exercise ball,1 or 3
child's pose,Back,,Stretching,Beginner,Body,1 or 3
chin to chest stretch,Neck,,Stretching,Beginner,Body,1 or 3
chin-up,Back,,Strength,Intermediate,Body,2
circus bell,Shoulders,,Strongman,Beginner,Other,2
clean,Upper legs,Hamstrings,Olympic Weightlifting,Intermediate,Barbell,2
clean and jerk,Shoulders,Upper legs,Olympic Weightlifting,Intermediate,Barbell,2
clean and press,Shoulders,Upper legs,Olympic Weightlifting,Intermediate,Barbell,2
clean deadlift,Upper legs,Hamstrings,Olympic Weightlifting,Intermediate,Barbell,2
clean from blocks,Upper legs,Quadriceps,Olympic Weightlifting,Expert,Barbell,2
clean pull,Upper legs,Hamstrings,Olympic Weightlifting,Intermediate,Barbell,2
clean shrug,Shoulders,Traps,Olympic Weightlifting,Intermediate,Barbell,2
clock push-up,Chest,,Strength,Beginner,Body,1
close-grip barbell bench press,Chest,Triceps,Strength,Intermediate,Barbell,2
close-grip dumbbell press,Chest,Triceps,Strength,Intermediate,Dumbbell,2
close-grip ez bar curl,Arms,Biceps,Strength,Intermediate,Ez bar,2
close-grip ez-bar curl with band,Arms,Biceps,Strength,Intermediate,Ez bar,2
close-grip ez-bar bench press,Chest,Triceps,Strength,Intermediate,EZ bar,2
close-grip front lat pulldown,Back,Lats,Strength,Intermediate,Cable,2
close-grip push-up off of a dumbbell,Arms,Triceps,Strength,Intermediate,Dumbbell,2
close-grip standing barbell curl,Arms,Biceps,Strength,Beginner,Barbell,2
cocoons,Abs,,Strength,Intermediate,Body,1
conan's wheel,Upper legs,Quadriceps,Strongman,Beginner,Other,5
concentration curls,Arms,Biceps,Strength,Beginner,Dumbbell,2
cross body hammer curl,Arms,Biceps,Strength,Beginner,Dumbbell,2
band crossover,Chest,,Strength,Intermediate,Bands,1
cross-body crunch,Abs,,Strength,Beginner,Body,1
crossover reverse lunge,Back,,Stretching,Beginner,Body,1 or 3
crucifix,Shoulders,,Strongman,Beginner,Other,5
crunch - hands overhead,Abs,,Strength,Beginner,Body,2
crunch - legs on exercise ball,Abs,,Strength,Intermediate,Exercise ball,2
crunches,Abs,,Strength,Beginner,Body,2
cuban press,Shoulders,,Strength,Intermediate,Body,2
dancer's stretch,Back,,Stretching ,Beginner,Body,1 or 3
deadlift with bands,Back,,Strength,Beginner,Bands,2
deadlift with chains,Back,,Powerlifting,Intermediate,Other,2
decline barbell bench press,Chest,,Strength,Intermediate,Barbell,2
decline close-grip bench to skull crusher,Arms,Triceps,Strength,Beginner,Barbell,2
decline crunch,Abs,,Strength,Intermediate,Body,2
decline dumbbell bench press,Chest,,Strength,Intermediate,Dumbbell,2
decline dumbbell flyes,Chest,,Strength,Intermediate,Dumbbell,2
decline dumbbell triceps extension,Arms,Triceps,Strength,Beginner,Dumbbell,2
decline ez bar triceps extension,Arms,Triceps,Strength,Intermediate,Ez bar,2
decline oblique crunch,Abs,,Strength,Intermediate,Body,2
decline push-up,Chest,,Strength,Intermediate,Body,1
decline reverse crunch,Abs,,Strength,Intermediate,Body,1
decline smith press,Chest,,Strength,Beginner,Machine,2
deficit deadlift,Back,,Powerlifting,Beginner,Barbell,2
depth jump leap,Upper legs,Quadriceps,Plyometrics,Intermediate,Body,1 or 3
dip machine,Arms,Triceps,Strength,Beginner,Machine,2
Chest dips,Chest,,Strength,Intermediate,Other,2
Tricep dips,Arms,Triceps,Strength,Intermediate,Other,2
donkey calf raises,Lower legs,Calves,Strength,Intermediate,Other,2
double kettlebell alternating hang clean,Upper legs,Hamstrings,Strength,Beginner,Kettlebells,2
double kettlebell jerk,Shoulders,,Strength,Beginner,Kettlebells,2
double kettlebell push press,Shoulders,,Strength,Beginner,Kettlebells,2
double kettlebell snatch,Shoulders,,Strength,Beginner,Kettlebells,2
double kettlebell windmill,Shoulders,Abs,Strength,Intermediate,Kettlebells,2
double leg butt kick,Upper legs,Quadriceps,Plyometrics,Intermediate,Body,1 or 3
downward facing balance,Glutes,,Strength,Beginner,Exercise ball,1
drag curl,Arms,Biceps,Strength,Beginner,Barbell,2
drop push,Chest,,Plyometrics,Beginner,Other,1
dumbbell alternate bicep curl,Arms,Biceps,Strength,Beginner,Dumbbell,2
dumbbell bench press,Chest,,Strength,Intermediate,Dumbbell,2
dumbbell bench press with neutral grip,Chest,,Strength,Intermediate,Dumbbell,2
dumbbell bicep curl,Arms,Biceps,Strength,Beginner,Dumbbell,2
dumbbell clean,Upper legs,Hamstrings,Strength,Intermediate,Dumbbell,2
dumbbell floor press,Arms,Triceps,Strength,Intermediate,Dumbbell,2
dumbbell flyes,Chest,,Strength,Intermediate,Dumbbell,2
dumbbell incline row,Back,,Strength,Intermediate,Dumbbell,2
dumbbell incline shoulder raise,Shoulders,,Strength,Beginner,Dumbbell,2
dumbbell lunges,Upper legs,Quadriceps,Strength,Intermediate,Dumbbell,2
dumbbell lying one-arm rear lateral raise,Shoulders,,Strength,Intermediate,Dumbbell,2
dumbbell lying pronation,Arms,Forearms,Strength,Intermediate,Dumbbell,2
dumbbell lying rear lateral raise,Shoulders,,Strength,Intermediate,Dumbbell,2
dumbbell lying supination,Arms,Forearms,Strength,Intermediate,Dumbbell,2
dumbbell one-arm shoulder press,Shoulders,,Strength,Intermediate,Dumbbell,2
dumbbell one-arm triceps extension,Arms,Triceps,Strength,Intermediate,Dumbbell,2
dumbbell one-arm upright row,Shoulders,,Strength,Intermediate,Dumbbell,2
dumbbell prone incline curl,Arms,Biceps,Strength,Beginner,Dumbbell,2
dumbbell front raise,Shoulders,,Strength,Intermediate,Dumbbell,2
dumbbell rear lunge,Upper legs,Quadriceps,Strength,Intermediate,Dumbbell,2
dumbbell scaption,Shoulders,,Strength,Beginner,Dumbbell,2
dumbbell seated box jump,Upper legs,Quadriceps,Plyometrics,Intermediate,Dumbbell,2
dumbbell seated one-leg calf raise,Lower legs,Calves,Strength,Beginner,Dumbbell,2
dumbbell shoulder press,Shoulders,,Strength,Beginner,Dumbbell,2
dumbbell shrug,Shoulders,,Strength,Beginner,Dumbbell,2
dumbbell side bend,Abs,,Strength,Beginner,Dumbbell,2
dumbbell squat,Upper legs,Quadriceps,Strength,Beginner,Dumbbell,2
dumbbell squat to a bench,Upper legs,Quadriceps,Strength,Beginner,Dumbbell,2
dumbbell step-ups,Upper legs,Quadriceps,Strength,Intermediate,Dumbbell,2
dumbbell tricep extension -pronated grip,Arms,Triceps,Strength,Beginner,Dumbbell,2
dynamic back stretch,Back,Lats,Stretching,Beginner,Body,1 or 3
dynamic chest stretch,Chest,,Stretching,Beginner,Body,1 or 3
elbow circles,Shoulders,,Stretching,Beginner,Body,1 or 3
elbow to knee crunch,Abs,,Strength,Intermediate,Body,2
elbows back,Chest,,Stretching,Beginner,Body,1 or 3
elevated reverse lunge,Upper legs,Quadriceps,Strength,Beginner,Body,1
elevated cable rows,Back,Lats,Strength,Beginner,Cable,2
elliptical trainer,Cardio,,Cardio,Intermediate,Machine,4
exercise ball crunch,Abs,,Strength,Intermediate,Exercise ball,1
exercise ball pull-in,Abs,,Strength,Intermediate,Exercise ball,1
extended range one-arm kettlebell floor press,Chest,,Strength,Beginner,Kettlebells,2
external rotation,Shoulders,,Stretching,Beginner,Body,1
external rotation with band,Shoulders,,Strength,Beginner,Bands,1
external rotation with cable,Shoulders,,Strength,Intermediate,Cable,2
ez-bar curl,Arms,Biceps,Strength,Intermediate,EZ bar,2
ez-bar skullcrusher,Arms,Triceps,Strength,Intermediate,EZ bar,2
face pull,Shoulders,,Strength,Intermediate,Cable,2
farmer's walk,Arms,Forearms,Strongman,Intermediate,Dumbbell,2
Skipping,Cardio,,Cardio,Intermediate,Other,3
finger curls,Arms,Forearms,Strength,Beginner,Barbell,2
flat bench cable flyes,Chest,,Strength,Intermediate,Cable,2
flat bench leg pull-in,Abs,,Strength,Intermediate,Body,1
flat bench lying leg raise,Abs,,Strength,Intermediate,Body,1
flexor incline dumbbell curls,Arms,Biceps,Strength,Beginner,Dumbbell,2
floor glute-ham raise,Upper legs,Hamstrings,Strength,Beginner,Body,1
floor press,Arms,Triceps,Powerlifting,Beginner,Barbell,2
floor press with chains,Arms,Triceps,Powerlifting,Beginner,Other,2
flutter kicks,Glutes,,Strength,Intermediate,Body,1 or 3
foot roller,Lower Legs,Calves,Stretching,Beginner,Other,1 or 3
forward drag with press,Chest,,Strongman,Beginner,Other,5
frankenstein squat,Upper legs,Quadriceps,Olympic Weightlifting,Beginner,Barbell,2
freehand jump squat,Upper legs,Quadriceps,Strength,Intermediate,Body,1
frog hops,Upper legs,Quadriceps,Stretching,Beginner,Body,1 or 3
frog sit-ups,Abs,,Strength,Intermediate,Body,1
front barbell squat,Upper legs,Quadriceps,Strength,Intermediate,Barbell,2
front barbell squat to a bench,Upper legs,Quadriceps,Strength,Intermediate,Barbell,2
front box jump,Upper legs,Hamstrings,Plyometrics,Intermediate,Other,1 or 3
front cable raise,Shoulders,,Strength,Intermediate,Cable,2
front cone hops,Upper legs,Quadriceps,Plyometrics,Beginner,Other,1 or 3
front dumbbell raise,Shoulders,,Strength,Beginner,Dumbbell,2
front incline dumbbell raise,Shoulders,,Strength,Intermediate,Dumbbell,2
front leg raises,Upper legs,,Stretching,Beginner,Body,1 or 3
front plate raise,Shoulders,,Strength,Intermediate,Other,2
front raise and pullover,Chest,,Strength,Beginner,Barbell,2
front squat (clean grip),Upper legs,Quadriceps,Strength,Beginner,Barbell,2
front squats with two kettlebells,Upper legs,Quadriceps,Strength,Intermediate,Kettlebells,2
front two-dumbbell raise,Shoulders,,Strength,Intermediate,Kettlebells,2
full range-of-motion lat pulldown,Shoulders,,Strength,Beginner,Cable,2
gironda sternum chins,Shoulders,,Strength,Beginner,Other,2
glute ham raise,Upper legs,Hamstrings,Powerlifting,Intermediate,Machine,2
glute kickback,Glutes,,Strength,Beginner,Body,1
goblet squat,Upper legs,Quadriceps,Strength,Intermediate,Kettlebells,2
good morning,Upper legs,Hamstrings,Powerlifting,Intermediate,Barbell,2
good morning off pins,Upper legs,Hamstrings,Powerlifting,Beginner,Barbell,2
gorilla chin/crunch,Abs,,Strength,Intermediate,Body,2
groin and back stretch,Upper legs,Adductors,Stretching,Beginner,Body,1 or 3
groiners,Upper legs,Adductors,Stretching,Beginner,Body,1 or 3
hack squat,Upper legs,Quadriceps,Strength,Intermediate,Machine,2
hammer curls,Arms,Biceps,Strength,Intermediate,Dumbbell,2
hammer grip incline dumbbell bench press,Chest,,Strength,Beginner,Dumbbell,2
hamstring stretch,Upper legs,Hamstrings,Stretching,Beginner,Body,1 or 3
hamstring foam roll,Upper legs,Hamstrings,Stretching,Beginner,Foam roll,1 or 3
handstand push-ups,Shoulders,,Strength,Expert,Body,1
hang clean,Upper legs,Quadriceps,Olympic Weightlifting,Beginner,Barbell,2
hang clean - below the knees,Upper legs,Quadriceps,Olympic Weightlifting,Beginner,Barbell,2
hang snatch,Upper legs,Hamstrings,Olympic Weightlifting,Beginner,Barbell,2
hang snatch - below knees,Upper legs,Hamstrings,Olympic Weightlifting,Beginner,Barbell,2
hanging bar good morning,Upper legs,Hamstrings,Powerlifting,Beginner,Barbell,2
hanging leg raise,Abs,,Strength,Intermediate,Body,2
hanging pike,Abs,,Strength,Intermediate,Body,2
heaving snatch balance,Upper legs,Quadriceps,Olympic Weightlifting,Beginner,Barbell,2
heavy bag thrust,Chest,,Plyometrics,Beginner,Other,1 or 3
high cable curls,Arms,Biceps,Strength,Intermediate,Cable,2
hip circles (prone),Upper legs,Abductors,Stretching,Beginner,Body,1 or 3
hip crossover,Upper legs,,Stretching,Beginner,Body,1 or 3
hip extension with bands,Glutes,,Stretching,Intermediate,Bands,1 or 3
hip flexion with band,Glutes,,Stretching,Intermediate,Bands,1 or 3
hip lift with band,Glutes,,Powerlifting,Beginner,Bands,1
hug a ball,Back,,Stretching,Intermediate,Exercise ball,1 or 3
hug knees to chest,Back,,Stretching,Intermediate,Body,1 or 3
hurdle hops,Upper legs,Hamstrings,Plyometrics,Intermediate,Body,1 or 3
hyperextensions (back extensions),Back,,Strength,Intermediate,Body,2
hyperextensions with no hyperextension bench,Back,,Strength,Beginner,Body,2
iliotibial band foam roll,Upper legs,Abductors,Stretching,Intermediate,Foam roll,1 or 3
incline barbell triceps extension,Arms,Triceps,Strength,Intermediate,Barbell,2
incline bench pull,Back,,Strength,Intermediate,Barbell,2
incline cable chest press,Chest,,Strength,Intermediate,Cable,2
incline cable flye,Chest,,Strength,Intermediate,Cable,2
incline dumbbell bench - palms facing in,Chest,,Strength,Beginner,Dumbbell,2
incline dumbbell curl,Arms,Biceps,Strength,Beginner,Dumbbell,2
incline dumbbell flyes,Chest,,Strength,Beginner,Dumbbell,2
incline dumbbell flyes - with a twist,Chest,,Strength,Intermediate,Dumbbell,2
incline dumbbell press,Chest,,Strength,Beginner,Dumbbell,2
incline hammer curls,Arms,Biceps,Strength,Intermediate,Dumbbell,2
incline inner biceps curl,Arms,Biceps,Strength,Beginner,Dumbbell,2
incline push-up,Chest,,Strength,Intermediate,Body,1
incline push-up close-grip,Triceps,,Strength,Intermediate,Body,1
incline push-up depth jump,Chest,,Plyometrics,Intermediate,Body,1
incline push-up reverse grip,Chest,,Strength,Beginner,Body,1
incline push-up wide,Chest,,Strength,Intermediate,Body,1
internal rotation with band,Shoulders,,Strength,Beginner,Bands,1
inverted row,Back,,Strength,Intermediate,Other,1
inverted row with straps,Back,,Strength,Beginner,Other,1
iron cross,Shoulders,,Strength,Intermediate,Dumbbell,2
iron crosses stretch,Upper legs,Quadriceps,Stretching,Intermediate,Body,1 or 3
isometric chest squeezes,Chest,,Plyometrics,Beginner,Body,1 or 3
isometric neck exercise - front and back,Neck,,Stretching,Beginner,Body,1 or 3
isometric neck exercise - sides,Neck,,Stretching,Beginner,Body,1 or 3
isometric wipers,Chest,,Strength,Beginner,Body,1 or 3
it band and glute stretch,Upper legs,,Stretching,Intermediate,Body,1 or 3
jackknife sit-up,Abs,,Strength,Intermediate,Body,1
janda sit-up,Abs,,Strength,Beginner,Body,1
jefferson squats,Upper legs,Quadriceps,Strength,Beginner,Barbell,2
jerk balance,Shoulders,,Olympic Weightlifting,Intermediate,Barbell,2
jerk dip squat,Upper legs,Quadriceps,Olympic Weightlifting,Beginner,Barbell,2
jm press,Arms,Triceps,Strength,Beginner,Barbell,2
jogging on treadmill,Cardio,,Cardio,Beginner,Machine,4
keg load,Back,,Strongman,Beginner,Other,5
kettlebell arnold press,Shoulders,,Strength,Beginner,Kettlebells,2
kettlebell dead clean,Upper legs,Hamstrings,Strength,Beginner,Kettlebells,2
kettlebell figure 8,Abs,,Strength,Intermediate,Kettlebells,2
kettlebell hang clean,Upper legs,Hamstrings,Strength,Beginner,Kettlebells,2
kettlebell one-legged deadlift,Upper legs,Hamstrings,Strength,Intermediate,Kettlebells,2
kettlebell pass between the legs,Abs,,Strength,Intermediate,Kettlebells,2
kettlebell pirate ships,Shoulders,,Strength,Intermediate,Kettlebells,2
kettlebell pistol squat,Upper legs,Quadriceps,Strength,Intermediate,Kettlebells,2
kettlebell seated press,Shoulders,,Strength,Beginner,Kettlebells,2
kettlebell seesaw press,Shoulders,,Strength,Intermediate,Kettlebells,2
kettlebell sumo high pull,Shoulders,,Strength,Intermediate,Kettlebells,2
kettlebell thruster,Glutes,,Strength,Intermediate,Kettlebells,2
kettlebell turkish lunge get-up,Shoulders,,Strength,Intermediate,Kettlebells,2
kettlebell turkish squat get-up,Shoulders,,Strength,Intermediate,Kettlebells,2
kettlebell windmill,Abs,,Strength,Intermediate,Kettlebells,2
kipping muscle up,Shoulders,,Strength,Expert,Other,2
knee across the body,Glutes,,Stretching,Intermediate,Body,1 or 3
knee circles,Lower Legs,Calves,Stretching,Beginner,Body,1 or 3
knee tuck jump,Upper legs,Hamstrings,Plyometrics,Intermediate,Body,1 or 3
knee/hip raise on parallel bars,Abs,,Strength,Intermediate,Machine,1
kneeling arm drill,Shoulders,,Plyometrics,Beginner,Body,1 or 3
kneeling cable crunch with alternating oblique twists,Abs,,Strength,Intermediate,Cable,2
kneeling cable triceps extension,Arms,Triceps,Strength,Intermediate,Cable,2
kneeling forearm stretch,Arms,Forearms,Stretching,Beginner,Body,1 or 3
kneeling high pulley row,Back,Lats,Strength,Intermediate,Machine,2
kneeling hip flexor stretch,Upper legs,Quadriceps,Stretching,Beginner,Body,1 or 3
kneeling jump squat,Glutes,,Olympic Weightlifting,Intermediate,Barbell,2
kneeling single-arm high pulley row,Back,Lats,Strength,Intermediate,Machine,2
kneeling squat,Glutes,,Powerlifting,Beginner,Barbell,2
landmine 180's,Abs,,Strength,Intermediate,Other,2
landmine linear jammer,Shoulders,,Strength,Intermediate,Other,2
lateral bound,Upper legs,Adductors,Plyometrics,Beginner,Body,1 or 3
lateral box jump,Upper legs,Adductors,Plyometrics,Intermediate,Other,1 or 3
lateral cone hops,Upper legs,Adductors,Plyometrics,Intermediate,Other,1 or 3
lateral raise with bands,Shoulders,,Strength,Beginner,Bands,1
latissimus dorsi foam roll,Back,Lats,Stretching,Intermediate,Foam roll,3
leg extensions,Upper legs,Quadriceps,Strength,Intermediate,Machine,2
leg lift,Abs,,Strength,Intermediate,Body,1 or 3
leg press,Upper legs,Quadriceps,Strength,Intermediate,Machine,2
leg pull-in,Abs,,Strength,Beginner,Body,1 or 3
leg-over floor press,Chest,,Strength,Beginner,Kettlebells,2
leg-up hamstring stretch,Upper legs,Hamstrings,Stretching,Intermediate,Body,1 or 3
leverage chest press,Chest,,Strength,Beginner,Machine,2
leverage deadlift,Upper legs,Quadriceps,Strength,Beginner,Machine,2
leverage decline chest press,Chest,,Strength,Beginner,Machine,2
leverage high row,Back,,Strength,Beginner,Machine,2
leverage incline chest press,Chest,,Strength,Beginner,Machine,2
leverage iso row,Back,Lats,Strength,Beginner,Machine,2
leverage shoulder press,Shoulders,,Strength,Intermediate,Machine,2
leverage shrug,Shoulders,Traps,Strength,Intermediate,Machine,2
linear 3-part start technique,Upper legs,Hamstrings,Plyometrics,Intermediate,Body,1 or 3
linear acceleration wall drill,Upper legs,Hamstrings,Plyometrics,Intermediate,Body,3
linear depth jump,Upper legs,Quadriceps,Plyometrics,Intermediate,Body,1 or 3
log lift,Shoulders,,Strongman,Intermediate,Other,2
london bridge plank,Abs,,Strength,Intermediate,Body,1 or 3
looking at ceiling,Upper legs,Quadriceps,Stretching,Intermediate,Body,1 or 3
low cable crossover,Chest,,Strength,Intermediate,Cable,2
low cable triceps extension,Arms,Triceps,Strength,Intermediate,Cable,2
seated face pull,Shoulders,,Strength,Intermediate,Cable,2
lower back curl,Abs,,Stretching,Intermediate,Body,1 or 3
lower back foam roll,Back,,Stretching,Beginner,Foam roll,3
lunge pass through,Upper legs,Hamstrings,Strength,Intermediate,Kettlebells,2
lunge sprint,Upper legs,Quadriceps,Plyometrics,Intermediate,Body,1
lying bent leg groin,Upper legs,Adductors,Stretching,Beginner,Body,1 or 3
lying cable leg curl,Upper legs,Hamstrings,Strength,Intermediate,Cable,2
lying cambered barbell row,Back,,Strength,Intermediate,Barbell,2
lying close-grip bar curl on high pulley,Arms,Biceps,Strength,Beginner,Cable,2
lying close-grip barbell triceps extension behind the head,Arms,Triceps,Strength,Intermediate,Barbell,2
lying close-grip ez bar triceps press to chin,Arms,Triceps,Strength,Intermediate,Ez bar,2
lying crossover,Upper legs,Abductors,Stretching,Beginner,Body,1 or 3
lying dumbbell tricep extension,Arms,Triceps,Strength,Intermediate,Dumbbell,2
lying face down plate neck resistance,Neck,,Strength,Beginner,Other,2
lying face up plate neck resistance,Neck,,Strength,Beginner,Other,2
lying glute,Glutes,,Stretching,Beginner,Body,1 or 3
lying hamstring,Upper legs,Hamstrings,Stretching,Beginner,Body,1 or 3
lying high bench barbell curl,Arms,Biceps,Strength,Beginner,Barbell,2
lying leg curls,Upper legs,Hamstrings,Strength,Bginner,Machine,2
lying machine squat,Upper legs,Quadriceps,Strength,Intermediate,Machine,2
lying one-arm lateral raise,Shoulders,,Strength,Intermediate,Dumbbell,2
lying prone quadriceps,Upper legs,Quadriceps,Stretching,Beginner,Body,1 or 3
lying rear delt raise,Shoulders,,Strength,Beginner,Dumbbell,2
lying supine dumbbell curl,Arms,Biceps,Strength,Beginner,Dumbbell,2
lying t-bar row,Back,,Strength,Intermediate,Other,2
lying triceps press,Arms,Triceps,Strength,Intermediate,Barbell,2
machine bench press,Chest,,Strength,Beginner,Machine,2
machine bicep curl,Arms,Biceps,Strength,Beginner,Machine,2
machine preacher curls,Arms,Biceps,Strength,Beginner,Machine,2
machine shoulder (military) press,Shoulders,,Strength,Beginner,Machine,2
machine triceps extension triceps,Arms,Triceps,Strength,Beginner,Machine,2
medicine ball chest pass,Chest,,Plyometrics,Intermediate,Medicine Ball,2
medicine ball full twist,Abs,,Plyometrics,Intermediate,Medicine Ball,2
medicine ball scoop throw,Shoulders,,Plyometrics,Intermediate,Medicine Ball,2
Back shrug,Back,,Strength,Beginner,Dumbbell,2
middle back stretch,Back,,Stretching,Beginner,Body,1 and 3
mixed grip chin up,Back,,Strength,Intermediate,Body,2
monster walk abductors,Upper legs,Abductors,Strength,Intermediate,Bands,1 and 3
mountain climbers,Abs,,Plyometrics,Intermediate,Body,1 and 3
moving claw series,Upper legs,Hamstrings,Plyometrics,Intermediate,Body,3
muscle snatch,Upper legs,Hamstrings,Olympic Weightlifting,Beginner,Barbell,2
muscle up,Back,Lats,Strength,Expert,Other,1
narrow stance hack squats,Upper legs,Quadriceps,Strength,Beginner,Machine,2
narrow stance leg press,Upper legs,Quadriceps,Strength,Intermediate,Machine,2
narrow stance squats,Upper legs,Quadriceps,Strength,Intermediate,Body,1
neck press,Chest,,Strength,Beginner,Barbell,2
neck foam roll,Neck,,Stretching,Beginner,Foam roll,1 and 3
oblique crunches,Abs,,Strength,Intermediate,Body,1
oblique crunches - on the floor,Abs,,Strength,Intermediate,Body,1
olympic squat,Upper legs,Quadriceps,Olympic Weightlifting,Beginner,Barbell,2
side quad stretch,Upper legs,Quadriceps,Stretching,Intermediate,Body,1 and 3
back quad stretch,Upper legs,Quadriceps,Stretching,Intermediate,Body,1 and 3
one arm against wall,Back,Lats,Stretching,Intermediate,Body,1 and 3
one arm chin-up,Back,,Strength,Intermediate,Other,2
one arm dumbbell bench press,Chest,,Strength,Intermediate,Dumbbell,2
one arm dumbbell preacher curl,Arms,Biceps,Strength,Intermediate,Dumbbell,2
one arm floor press,Arms,Triceps,Strength,Beginner,Barbell,2
one arm lat pulldown,Back,Lats,Strength,Intermediate,Machine,2
one arm pronated dumbbell triceps extension,Arms,Triceps,Strength,Beginner,Dumbbell,2
one arm supinated dumbbell triceps extension,Arms,Triceps,Strength,Beginner,Dumbbell,2
half locust,Upper legs,Quadriceps,Stretching,Intermediate,Body,1 or 3
one handed hang,Back,Lats,Strength,Expert,Body,1 or 3
one knee to chest,Glutes,,Stretching,Beginner,Body,1 or 3
one leg barbell squat,Upper legs,Quadriceps,Strength,Intermediate,Barbell,2
one-arm dumbbell row,Back,,Strength,Beginner,Dumbbell,2
one-arm flat bench dumbbell flye,Chest,,Strength,Intermediate,Dumbbell,2
one-arm high-pulley cable side bends,Abs,,Strength,Intermediate,Cable,2
one-arm incline lateral raise,Shoulders,,Strength,Intermediate,Dumbbell,2
one-arm kettlebell clean,Upper legs,Hamstrings,Strength,Intermediate,Kettlebells,2
one-arm kettlebell clean and jerk,Shoulders,,Strength,Intermediate,Kettlebells,2
one-arm kettlebell floor press,Chest,,Strength,Beginner,Kettlebells,2
one-arm kettlebell jerk,Shoulders,,Strength,Beginner,Kettlebells,2
one-arm kettlebell side military press,Shoulders,,Strength,Beginner,Kettlebells,2
one-arm kettlebell para press,Shoulders,,Strength,Beginner,Kettlebells,2
one-arm kettlebell push press,Shoulders,,Strength,Beginner,Kettlebells,2
one-arm kettlebell row,Back,,Strength,Intermediate,Kettlebells,2
one-arm kettlebell snatch,Shoulders,,Strength,Intermediate,Kettlebells,2
one-arm kettlebell split jerk,Shoulders,,Strength,Beginner,Kettlebells,2
one-arm kettlebell split snatch,Shoulders,,Strength,Intermediate,Kettlebells,2
one-arm kettlebell swings,Upper legs,Hamstrings,Strength,Intermediate,Kettlebells,2
one-arm long bar row,Back,,Strength,Intermediate,Kettlebells,2
one-arm medicine ball slam,Back,,Plyometrics,Intermediate,Medicine Ball,2
one-arm open palm kettlebell clean,Upper legs,Hamstrings,Strength,Beginner,Kettlebells,2
one-arm overhead kettlebell squats,Upper legs,Quadriceps,Strength,Expert,Kettlebells,2
one-arm side deadlift,Upper legs,Quadriceps,Strength,Expert,Barbell,2
one-arm side lateral raise,Shoulders,,Strength,Intermediate,Dumbbell,2
one-legged cable kickback,Glutes,,Strength,Intermediate,Cable,2
open palm kettlebell clean,Upper legs,Hamstrings,Strength,Beginner,Kettlebells,2
otis-up,Abs,,Strength,Intermediate,Other,2
overhead cable curl,Arms,Biceps,Strength,Intermediate,Cable,2
overhead lat,Back,,Stretching,Beginner,Body,1 or 3
overhead medicine ball slam,Back,,Plyometrics,Beginner,Medicine Ball,2
overhead squat,Upper legs,Quadriceps,Strength,Intermediate,Barbell,2
overhead stretch,Abs,,Stretching,Beginner,Body,1 or 3
overhead triceps,Arms,Triceps,Stretching,Beginner,Body,1 or 3
pallof press with rotation,Abs,,Strength,Intermediate,Cable,2
palms-down dumbbell bench wrist curl ,Arms,Forearms,Strength,Beginner,Dumbbell,2
palms-down barbell bench wrist curl,Arms,Forearms,Strength,Intermediate,Barbell,2
palms-up barbell bench wrist curl,Arms,Forearms,Strength,Intermediate,Dumbbell,2
palms-up dumbbell bench wrist curl,Arms,Forearms,Strength,Beginner,Dumbbell,2
parallel bar dip,Arms,Triceps,Strength,Intermediate,Other,2
pelvic tilt into bridge,Back,,Stretching,Intermediate,Body,1 or 3
peroneals stretch,Lower Legs,Calves,Stretching,Intermediate,Bands,1 or 3
peroneals foam roll,Lower Legs,Calves,Stretching,Intermediate,Foam roll,1 or 3
physioball hip bridge,Glutes,,Strength,Intermediate,Exercise Ball,1
pin presses,Arms,Triceps,Powerlifting,Beginner,Barbell,2
piriformis foam roll,Glutes,,Stretching,Intermediate,Foam roll,1 or 3
plank,Abs,,Strength,Beginner,Body,1 or 3
plank with twist,Abs,,Strength,Intermediate,Body,1 or 3
plate pinch,Arms,Forearms,Strength,Intermediate,Other,2
plate twist,Abs,,Strength,Intermediate,Other,2
platform hamstring slides,Upper legs,Hamstrings,Strength,Intermediate,Other,1 or 3
plie dumbbell squat,Upper Legs,Quadriceps,Strength,Beginner,Dumbbell,2
plyo kettlebell pushups,Chest,,Plyometrics,Intermediate,Kettlebells,1 or 3
plyo push-up,Chest,,Plyometrics,Intermediate,Body,1 or 3
posterior tibialis stretch,Lower legs,Calves,Stretching,Intermediate,Bands,1 or 3
power clean,Upper Legs,Hamstrings,Olympic Weightlifting,Intermediate,Barbell,2
power clean from blocks,Upper Legs,Hamstrings,Olympic Weightlifting,Beginner,Barbell,2
power jerk,Upper Legs,Quadriceps,Olympic Weightlifting,Intermediate,Barbell,2
power partials,Shoulders,,Strength,Beginner,Dumbbell,2
power snatch,Upper Legs,Hamstrings,Olympic Weightlifting,Beginner,Barbell,2
power snatch from blocks,Upper Legs,Quadriceps,Olympic Weightlifting,Beginner,Barbell,2
power stairs,Upper Legs,Hamstrings,Strongman,Beginner,Other,2
preacher curl,Arms,Biceps,Strength,Intermediate,Barbell,2
preacher hammer dumbbell curl,Arms,Biceps,Strength,Beginner,Dumbbell,2
press sit-up,Abs,,Strength,Intermediate,Barbell,2
prone manual hamstring,Upper Legs,Hamstrings,Strength,Intermediate,Body,1
prowler sprint,Upper Legs,Hamstrings,Cardio,Intermediate,Other,5
pull through,Glutes,,Strength,Intermediate,Cable,2
pullups,Back,Lats,Strength,Intermediate,Body,2
push press,Shoulders,,Olympic Weightlifting,Intermediate,Barbell,2
push press - behind the neck,Shoulders,,Olympic Weightlifting,Intermediate,Barbell,2
push up to side plank,Chest,,Strength,Intermediate,Body,1
push-up wide,Chest,,Strength,Intermediate,Body,1
tricep push ups,Triceps,,Strength,Intermediate,Body,1
Decline push up,Chest,,Strength,Intermediate,Body,1
Exercise ball push up,Chest,,Strength,Intermediate,Exercise Ball,1
push ups,Chest,,Strength,Intermediate,Body,1
push ups (close to wide),Chest,,Strength,Intermediate,Body,1
pyramid,Back,,Stretching,Intermediate,Body,1 or 3
standing quad stretch,Upper Legs,Quadriceps,Stretching,Intermediate,Body ,1 or 3
quadriceps foam roll,Upper Legs,Quadriceps,Stretching,Beginner,Foam roll,1 or 3
quick leap,Upper Legs,Quadriceps,Plyometrics,Intermediate,Body,1 or 3
rack delivery,Shoulders,,Olympic Weightlifting,Beginner,Barbell,2
rack pull with bands,Back,,Powerlifting,Beginner,Barbell,2
rack pulls lower back,Back,,Powerlifting,Intermediate,Barbell,2
rear leg raises,Upper Legs,Quadriceps,Stretching,Beginner,Body,1 or 3
recumbent bike,Cardio,,Cardio,Beginner,Machine,4
return push from stance,Shoulders,,Plyometrics,Intermediate,Body,1 or 3
reverse band bench press,Arms,Triceps,Powerlifting,Beginner,Barbell,2
reverse band box squat,Upper Legs,Quadriceps,Powerlifting,Intermediate,Barbell,2
reverse band deadlift,Back,,Powerlifting,Beginner,Barbell,2
reverse band power squat,Upper Legs,Quadriceps,Powerlifting,Beginner,Barbell,2
reverse band sumo deadlift,Upper Legs,Hamstrings,Powerlifting,Beginner,Barbell,2
reverse barbell curl,Arms,Biceps,Strength,Intermediate,Barbell,2
reverse barbell preacher curls,Arms,Biceps,Strength,Intermediate,EZ bar,2
reverse cable curl,Arms,Biceps,Strength,Beginner,Cable,2
reverse crunch,Abs,,Strength,Beginner,Body,1
reverse flyes,Shoulders,,Strength,Beginner,Dumbbell,2
reverse flyes with external rotation,Shoulders,,Strength,Beginner,Dumbbell,2
reverse grip bent-over rows,Back,,Strength,Intermediate,Barbell,2
reverse grip triceps pushdown,Arms,Triceps,Strength,Intermediate,Cable,2
reverse hyperextension,Upper Legs,Hamstrings,Strength,Intermediate,Machine,2
reverse machine flyes,Shoulders,,Strength,Beginner,Machine,2
reverse plate curls,Arms,Biceps,Strength,Beginner,Other,2
reverse triceps bench press,Arms,Triceps,Strength,Intermediate,Barbell,2
rhomboids foam roll,Back,,Stretching,Beginner,Foam roll,1 or 3
rickshaw carry,Arms,Forearms,Strongman,Intermediate,Other,5
rickshaw deadlift,Upper Legs,Quadriceps,Strongman,Intermediate,Other,2
ring dips,Arms,Triceps,Strength,Intermediate,Body,1
rocket jump,Upper Legs,Quadriceps,Plyometrics,Beginner,Body,1 or 3
rocking standing calf raise,Lower legs,Calves,Strength,Beginner,Barbell,2
rocky pull-ups/pulldowns,Back,Lats,Strength,Intermediate,Body,2
romanian deadlift,Upper Legs,Hamstrings,Olympic Weightlifting,Intermediate,Barbell,2
romanian deadlift from deficit,Upper Legs,Hamstrings,Olympic Weightlifting,Intermediate,Barbell,2
rope climb,Back,Lats,Strength,Intermediate,Other,3
rope crunch,Abs,,Strength,Intermediate,Cable,2
Skipping,Cardio,,Cardio,Intermediate,Other,3
rope straight-arm pulldown,Back,Lats,Strength,Intermediate,Cable,2
round the world shoulder stretch,Shoulders,,Stretching,Intermediate,Other,1 or 3
Rowing machine,Cardio,,Cardio,Intermediate,Machine,4
runner's stretch,Upper Legs,Hamstrings,Stretching,Beginner,Body,1 or 3
running on treadmill,Cardio,,Cardio,Intermediate,Machine,4
russian twist,Abs,,Strength,Intermediate,Body,2
sandbag load,Upper Legs,Quadriceps,Strongman,Intermediate,Other,5
scapular pull-up,Shoulders,Traps,Strength,Intermediate,Body,2
scissor kick,Abs,,Strength,Intermediate,Body,1 or 3
scissors jump,Upper Legs,Quadriceps,Plyometrics,Intermediate,Body,1 or 3
seated band hamstring curl,Upper Legs,Hamstrings,Strength,Intermediate,Bands,1
seated barbell military press,Shoulders,,Strength,Intermediate,Barbell,2
seated barbell twist,Abs,,Strength,Intermediate,Barbell,2
seated bent-over one-arm dumbbell triceps extension,Arms,Triceps,Strength,Intermediate,Dumbbell,2
seated bent-over rear delt raise,Shoulders,,Strength,Intermediate,Dumbbell,2
seated bent-over dumbbell triceps extension,Arms,Triceps,Strength,Intermediate,Dumbbell,2
seated biceps,Arms,Biceps,Stretching,Beginner,Body,1 or 3
seated cable rows,Back,,Strength,Intermediate,Cable,2
seated cable shoulder press,Shoulders,,Strength,Intermediate,Cable,2
seated calf raise,Lower legs,Calves,Strength,Intermediate,Machine,2
seated calf stretch,Lower legs,Calves,Stretching,Intermediate,Body,1 or 3
seated close-grip concentration barbell curl,Arms,Biceps,Strength,Intermediate,Barbell,2
seated dumbbell curl,Arms,Biceps,Strength,Intermediate,Dumbbell,2
seated dumbbell inner biceps curl,Arms,Biceps,Strength,Intermediate,Dumbbell,2
seated dumbbell palms-down wrist curl,Arms,Forearms,Strength,Beginner,Dumbbell,2
seated dumbbell palms-up wrist curl,Arms,Forearms,Strength,Beginner,Dumbbell,2
seated dumbbell press,Shoulders,,Strength,Intermediate,Dumbbell,2
seated flat bench leg pull-in,Abs,,Strength,Intermediate,Body,2
floor hamstring stretch,Upper Legs,Hamstrings,Stretching,Beginner,Body,1 or 3
seated front deltoid,Shoulders,,Stretching,Beginner,Body,1 or 3
seated glute,Glutes,,Stretching,Intermediate,Body,3
seated good mornings,Back,,Powerlifting,Beginner,Barbell,2
seated hamstring stretch,Upper Legs,Hamstrings,Stretching,Beginner,Body,1 or 3
seated hamstring and calf stretch,Upper Legs,Hamstrings,Stretching,Beginner,Bands,1 or 3
seated head harness neck resistance,Neck,,Strength,Intermediate,Other,2
seated leg curl,Upper Legs,Hamstrings,Strength,Beginner,Machine,2
seated leg tucks,Abs,,Strength,Intermediate,Body,1
seated one-arm cable pulley rows,Back,,Strength,Intermediate,Cable,2
seated one-arm dumbbell palms-down wrist curl,Arms,Forearms,Strength,Beginner,Dumbbell,2
seated one-arm dumbbell palms-up wrist curl,Arms,Forearms,Strength,Beginner,Dumbbell,2
seated overhead stretch,Abs,,Stretching,Intermediate,Body,1 or 3
seated palm-up barbell wrist curl,Arms,Forearms,Strength,Intermediate,Barbell,2
seated palms-down barbell wrist curl,Arms,Forearms,Strength,Intermediate,Barbell,2
seated side lateral raise,Shoulders,,Strength,Intermediate,Dumbbell,2
seated triceps press,Arms,Triceps,Strength,Intermediate,Dumbbell,2
seated two-arm palms-up low-pulley wrist curl,Arms,Forearms,Strength,Intermediate,Cable,2
seesaw shoulder press,Shoulders,,Strength,Intermediate,Dumbbell,2
shotgun row,Back,,Strength,Intermediate,Cable,2
shoulder circles,Shoulders,,Stretching,Beginner,Body,1 or 3
bands shoulder press,Shoulders,,Strength,Beginner,Bands,1
shoulder raise,Shoulders,,Stretching,Beginner,Body,1 or 3
shoulder stretch,Shoulders,,Stretching,Intermediate,Body,1 or 3
side bridge,Abs,,Strength,Intermediate,Body,1 or 3
side hop-sprint,Upper Legs,Quadriceps,Plyometrics,Intermediate,Body,1 or 3
side jackknife,Abs,,Strength,Intermediate,Body,1
side lateral raise,Shoulders,,Strength,Intermediate,Dumbbell,2
side laterals to front raise,Shoulders,,Strength,Intermediate,Dumbbell,2
side leg raises,Upper Legs,Adductors,Stretching,Beginner,Body,1 or 3
side lying groin stretch,Upper Legs,Adductors,Stretching,Intermediate,Body,1 or 3
side neck stretch neck,Neck,,Stretching,Beginner,Body,1 or 3
side standing long jump,Upper Legs,Quadriceps,Plyometrics,Intermediate,Body,1 or 3
side to side box shuffle,Upper Legs,Quadriceps,Plyometrics,Intermediate,Other,1 or 3
side to side chins,Back,Lats,Strength,Intermediate,Body,2
side wrist pull,Shoulders,,Stretching,Beginner,Body,1 or 3
side-lying floor stretch,Back,Lats,Stretching,Beginner,Body,1 or 3
single dumbbell raise,Shoulders,,Strength,Beginner,Dumbbell,2
single leg butt kick,Upper Legs,Quadriceps,Plyometrics,Expert,Body,1 or 3
single leg glute bridge,Glutes,,Strength,Intermediate,Body,1 or 3
single leg push-off,Upper Legs,Quadriceps,Plyometrics,Beginner,Other,1 or 3
single-arm cable crossover,Chest,,Strength,Intermediate,Cable,2
single-arm linear jammer,Shoulders,,Strength,Intermediate,Other,2
single-arm push up,Chest,,Strength,Expert,Body,1
single-cone sprint drill,Upper Legs,Quadriceps,Plyometrics,Intermediate,Other,1 or 3
single-leg high box squat,Upper Legs,Quadriceps,Strength,Intermediate,Other,1
single-leg hop progression,Upper Legs,Quadriceps,Plyometrics,Beginner,Other,3
single-leg lateral hop,Upper Legs,Quadriceps,Plyometrics,Beginner,Other,3
single-leg leg extension,Upper Legs,Quadriceps,Strength,Intermediate,Machine,2
single-leg stride jump,Upper Legs,Quadriceps,Plyometrics,Intermediate,Other,1 or 3
sit squats,Upper Legs,Quadriceps,Strength,Beginner,Body,1 or 3
sit-up,Abs,,Strength,Beginner,Body,1
skating,Cardio,,Cardio,Intermediate,Other,4
sled drag - harness,Upper Legs,Quadriceps,Strongman,Intermediate,Other,5
sled overhead backward walk,Shoulders,,Strength,Intermediate,Other,5
sled overhead triceps extension,Arms,Triceps,Strength,Intermediate,Other,2
sled push,Upper Legs,Quadriceps,Strongman,Intermediate,Other,5
sled reverse flye,Shoulders,,Strength,Intermediate,Other,2
sled row,Back,,Strength,Intermediate,Other,2
sledgehammer swings,Abs,,Plyometrics,Intermediate,Other,1
smith incline shoulder raise,Shoulders,,Strength,Beginner,Machine,2
smith machine behind the back shrug,Shoulders,,Strength,Beginner,Machine,2
smith machine bench press,Chest,,Strength,Beginner,Machine,2
smith machine bent over row,Back,,Strength,Beginner,Machine,2
smith machine calf raise,Upper Legs,Calves,Strength,Beginner,Machine,2
smith machine close-grip bench press,Arms,Triceps,Strength,Beginner,Machine,2
smith machine decline press,Chest,,Strength,Beginner,Machine,2
smith machine hang power clean,Upper Legs,Hamstrings,Strength,Intermediate,Machine,2
smith machine hip raise,Abs,,Strength,Intermediate,Machine,2
smith machine incline bench press,Chest,,Strength,Beginner,Machine,2
smith machine leg press,Upper Legs,Quadriceps,Strength,Intermediate,Machine,2
smith machine one-arm upright row,Shoulders,,Strength,Intermediate,Machine,2
smith machine overhead shoulder press,Shoulders,,Strength,Intermediate,Machine,2
smith machine pistol squat,Upper Legs,Quadriceps,Strength,Intermediate,Machine,2
smith machine reverse calf raises,Upper Legs,Calves,Strength,Intermediate,Machine,2
smith machine shrug,Shoulders,Traps,Strength,Beginner,Machine,2
smith machine squat,Upper Legs,Quadriceps,Strength,Beginner,Machine,2
smith machine stiff-legged deadlift,Upper Legs,Hamstrings,Strength,Intermediate,Machine,2
smith machine upright row,Back,,Strength,Intermediate,Machine,2
smith machine bulgarian split squat,Upper Legs,Quadriceps,Strength,Intermediate,Machine,2
snatch,Upper Legs,Quadriceps,Olympic Weightlifting,Expert,Barbell,2
snatch balance,Upper Legs,Quadriceps,Olympic Weightlifting,Intermediate,Barbell,2
snatch deadlift,Upper Legs,Hamstrings,Olympic Weightlifting,Intermediate,Barbell,2
snatch from blocks,Upper Legs,Quadriceps,Olympic Weightlifting,Intermediate,Barbell,2
snatch pull,Upper Legs,Hamstrings,Olympic Weightlifting,Intermediate,Barbell,2
snatch shrug,Shoulders,Traps,Olympic Weightlifting,Beginner,Barbell,2
speed band overhead triceps,Arms,Triceps,Strength,Intermediate,Bands,1
speed band pushdown,Arms,Triceps,Strength,Beginner,Bands,1
speed box squat,Upper Legs,Quadriceps,Powerlifting,Intermediate,Bands,2
speed squats quadriceps,Upper Legs,Quadriceps,Strength,Intermediate,Barbell,2
spell caster,Abs,,Strength,Beginner,Dumbbell,2
spider crawl,Abs,,Strength,Intermediate,Body,1 or 3
spider curl,Arms,Biceps,Strength,Intermediate,Barbell,2
spinal stretch,Back,,Stretching,Intermediate,Body,1 or 3
split clean,Upper Legs,Quadriceps,Olympic Weightlifting,Intermediate,Barbell,2
split jerk,Upper Legs,Quadriceps,Olympic Weightlifting,Intermediate,Barbell,2
split jump,Upper Legs,Quadriceps,Plyometrics,Intermediate,Body,1 or 3
split snatch,Upper Legs,Hamstrings,Olympic Weightlifting,Intermediate,Barbell,2
split squat with dumbbells,Upper Legs,Quadriceps,Strength,Intermediate,Dumbbell,2
split squats hamstrings,Upper Legs,Quadriceps,Strength,Beginner,Body,2
squat jerk,Upper Legs,Quadriceps,Olympic Weightlifting,Intermediate,Barbell,2
squat with bands,Upper Legs,Quadriceps,Strength,Intermediate,Bands,2
squat with chains,Upper Legs,Quadriceps,Powerlifting,Intermediate,Other,2
squat with plate movers,Upper Legs,Quadriceps,Strength,Expert,Other,2
stairmaster,Cardio,,Cardio,Intermediate,Machine,4
standing alternating dumbbell press,Shoulders,,Strength,Beginner,Dumbbell,2
standing barbell calf raise,Lower legs,Calves,Strength,Beginner,Barbell,2
standing barbell press behind neck,Shoulders,,Strength,Intermediate,Barbell,2
standing bent-over one-arm triceps extension,Arms,Triceps,Strength,Intermediate,Dumbbell,2
standing bent-over two-arm triceps extension,Arms,Triceps,Strength,Intermediate,Dumbbell,2
standing biceps cable curl,Arms,Biceps,Strength,Intermediate,Cable,2
standing biceps stretch,Arms,Biceps,Stretching,Beginner,Body,1 or 3
standing bradford press,Shoulders,,Strength,Intermediate,Barbell,2
standing cable chest press,Chest,,Strength,Intermediate,Cable,2
standing cable lift,Abs,,Strength,Intermediate,Cable,2
standing cable wood chop,Abs,,Strength,Intermediate,Cable,2
standing calf raises,Lower legs,Calves,Strength,Beginner,Other,1
standing concentration curl,Arms,Biceps,Strength,Beginner,Dumbbell,2
standing dumbbell calf raise,Lower legs,Calves,Strength,Beginner,Dumbbell,2
standing dumbbell shoulder press,Shoulders,,Strength,Beginner,Dumbbell,2
standing dumbbell reverse curl,Arms,Biceps,Strength,Beginner,Dumbbell,2
Overhead dumbbell front raise,Shoulders,,Strength,Beginner,Dumbbell,2
standing dumbbell triceps extension,Arms,Triceps,Strength,Intermediate,Dumbbell,2
standing dumbbell upright row,Shoulders,Traps,Strength,Intermediate,Dumbbell,2
standing elevated quad stretch,Upper Legs,Quadriceps,Stretching,Intermediate,Other,1 or 3
Overhead barbell front raise,Shoulders,,Strength,Intermediate,Barbell,2
standing gastrocnemius calf stretch,Lower legs,Calves,Stretching,Intermediate,Other,1 or 3
standing hamstring and calf stretch,Upper Legs,Hamstrings,Stretching,Intermediate,Bands,1 or 3
standing hip circles,Upper Legs,Abductors,Stretching,Beginner,Body,1 or 3
standing hip flexors,Upper Legs,Quadriceps,Stretching,Intermediate,Body,1 or 3
standing inner-biceps curl,Arms,Biceps,Strength,Beginner,Dumbbell,2
standing lateral stretch,Abs,,Stretching,Intermediate,Body,1 or 3
standing leg curl,Upper Legs,Hamstrings,Strength,Beginner,Machine,2
standing long jump,Upper Legs,Quadriceps,Plyometrics,Intermediate,Body,1 or 3
standing low-pulley deltoid raise,Shoulders,,Strength,Intermediate,Cable,2
standing low-pulley one-arm triceps extension,Arms,Triceps,Strength,Intermediate,Cable,2
military press,Shoulders,,Strength,Intermediate,Barbell,2
standing olympic plate hand squeeze,Arms,Forearms,Strength,Beginner,Other,2
standing one-arm cable curl,Arms,Biceps,Strength,Beginner,Cable,2
standing one-arm dumbbell curl over incline bench,Arms,Biceps,Strength,Intermediate,Dumbbell,2
standing one-arm dumbbell triceps extension,Arms,Triceps,Strength,Intermediate,Dumbbell,2
standing overhead barbell triceps extension,Arms,Triceps,Strength,Intermediate,Barbell,2
standing palm-in one-arm press,Shoulders,,Strength,Intermediate,Dumbbell,2
standing palms-in press,Shoulders,,Strength,Intermediate,Dumbbell,2
standing palms-up barbell behind the back wrist curl,Arms,Forearms,Strength,Beginner,Barbell,2
standing pelvic tilt,Back,,Stretching,Beginner,Body,1 or 3
standing rope crunch,Abs,,Strength,Intermediate,Cable,2
standing soleus and achilles stretch,Lower legs,Calves,Stretching,Beginner,Body,1 or 3
standing toe touches,Upper Legs,Hamstrings,Stretching,Intermediate,Body,1 or 3
standing towel triceps extension,Arms,Triceps,Strength,Beginner,Other,1
standing two-arm overhead throw,Shoulders,,Plyometrics,Beginner,Medicine Ball,2
star jump,Upper Legs,Quadriceps,Plyometrics,Beginner,body,1 or 3
step-up with knee raise,Glutes,,Strength,Beginner,Other,1 or 3
stiff leg barbell good morning,Back,,Strength,Intermediate,Barbell,2
stiff-legged barbell deadlift,Upper Legs,Hamstrings,Strength,Intermediate,Barbell,2
stiff-legged dumbbell deadlift,Upper Legs,Hamstrings,Strength,Intermediate,Dumbbell,2
stomach vacuum,Abs,,Stretching,Beginner,Body,1 or 3
straight bar bench mid rows,Back,,Strength,Expert,Barbell,2
straight raises on incline bench,Shoulders,,Strength,Intermediate,EZ bar,2
straight-arm dumbbell pullover,Chest,,Strength,Intermediate,Dumbbell,2
straight-arm pulldown,Back,Lats,Strength,Intermediate,Cable,2
stride jump crossover,Upper Legs,Quadriceps,Plyometrics,Intermediate,Other,2
sumo deadlift,Upper Legs,Hamstrings,Powerlifting,Intermediate,Barbell,2
sumo deadlift with bands,Upper Legs,Hamstrings,Powerlifting,Intermediate,Barbell,2
sumo deadlift with chains,Upper Legs,Hamstrings,Powerlifting,Intermediate,Barbell,2
superman,Back,,Stretching,Intermediate,Body,1 or 3
supine chest throw,Arms,Triceps,Plyometrics,Beginner,Medicine Ball,2
supine one-arm overhead throw,Abs,,Plyometrics,Intermediate,Medicine Ball,2
supine two-arm overhead throw,Abs,,Plyometrics,Intermediate,Medicine Ball,2
suspended push-up,Chest,,Strength,Intermediate,Other,1
suspended reverse crunch,Abs,,Strength,Intermediate,Other,1
suspended row,Back,,Strength,Intermediate,Other,1
suspended split squat,Upper Legs,Quadriceps,Strength,Intermediate,Other,1
t-bar row with handle,Back,,Strength,Intermediate,Other,2
tate press,Arms,Triceps,Strength,Intermediate,Dumbbell,2
the straddle,Upper Legs,Hamstrings,Stretching,Intermediate,Body,1 or 3
thigh abductor machine,Upper Legs,Abductors,Strength,Intermediate,Machine,2
thigh adductor machine,Upper Legs,Adductors,Strength,Intermediate,Machine,2
tyre flip,Upper Legs,Quadriceps,Strongman,Intermediate,Other,5
toe touchers,Abs,,Stretching,Intermediate,Body,1 or 3
torso rotation,Abs,,Stretching,Beginner,Exercise ball,1 or 3
trail running,Cardio,,Cardio,Intermediate,Body,4
trap bar deadlift,Upper Legs,Quadriceps,Strength,Intermediate,Other,2
tricep dumbbell kickback,Arms,Triceps,Strength,Intermediate,Dumbbell,2
tricep side stretch,Arms,Triceps,Stretching,Intermediate,Body,1 or 3
triceps overhead extension with rope,Arms,Triceps,Strength,Intermediate,Cable,2
triceps pushdown,Arms,Triceps,Strength,Intermediate,Cable,2
triceps pushdown - rope attachment,Arms,Triceps,Strength,Intermediate,Cable,2
triceps pushdown - v-bar attachment,Arms,Triceps,Strength,Intermediate,Cable,2
triceps stretch,Arms,Triceps,Stretching,Beginner,Body,1 or 3
tuck crunch,Abs,,Strength,Intermediate,Body,1
two-arm dumbbell preacher curl,Arms,Biceps,Strength,Intermediate,Dumbbell,2
two-arm kettlebell clean,Shoulders,,Strength,Beginner,Kettlebells,2
two-arm kettlebell jerk,Shoulders,,Strength,Beginner,Kettlebells,2
two-arm kettlebell military press,Shoulders,,Strength,Beginner,Kettlebells,2
two-arm kettlebell row,Back,,Strength,Beginner,Kettlebells,2
underhand cable pulldowns,Back,Lats,Strength,Intermediate,Machine,2
upper back stretch,Back,,Stretching,Beginner,Body,1 or 3
upper back-leg grab,Upper Legs,Hamstrings,Stretching,Beginner,Body,1 or 3
upright barbell row,Shoulders,,Strength,Intermediate,Barbell,2
upright cable row,Shoulders,Traps,Strength,Intermediate,Cable,2
upright row with bands,Shoulders,Traps,Strength,Beginner,Bands,1
upward stretch,Shoulders,,Stretching,Beginner,Body,1 or 3
v-bar pulldown,Back,Lats,Strength,Intermediate,Cable,2
v-bar pull-up,Back,Lats,Strength,Intermediate,Body,2
vertical swing,Upper Legs,Hamstrings,Plyometrics,Beginner,Dumbbell,2
walking on treadmill,Cardio,,Cardio,Beginner,Machine,4
weighted ball hyperextension,Back,,Strength,Beginner,Exercise ball,1
weighted ball side bend,Abs,,Strength,Beginner,Exercise ball,1
weighted bench dip,Arms,Triceps,Strength,Intermediate,Other,2
weighted crunches,Abs,,Strength,Intermediate,Other,2
weighted jump squat,Upper Legs,Quadriceps,Strength,Intermediate,Barbell,2
weighted pull-ups,Back,Lats,Strength,Expert,Other,2
weighted sissy squat,Upper Legs,Quadriceps,Strength,Intermediate,Other,2
weighted sit-ups,Abs,,Strength,Intermediate,Other,2
weighted squat,Upper Legs,Quadriceps,Strength,Intermediate,Other,2
wide stance barbell squat,Upper Legs,Quadriceps,Strength,Intermediate,Barbell,2
wide stance stiff legs,Upper Legs,Hamstrings,Strength,Intermediate,Barbell,2
wide-grip barbell bench press,Chest,,Strength,Beginner,Barbell,2
wide-grip decline barbell bench press,Chest,,Strength,Intermediate,Barbell,2
wide-grip decline barbell pullover,Chest,,Strength,Intermediate,Barbell,2
wide-grip lat pulldown,Back,Lats,Strength,Intermediate,Cable,2
wide-grip pulldown behind the neck,Back,Lats,Strength,Intermediate,Cable,2
wide-grip rear pull-up,Back,Lats,Strength,Intermediate,Body,2
wide-grip standing barbell curl,Arms,Biceps,Strength,Beginner,Barbell,2
wind sprints,Abs,,Strength,Intermediate,Body,2
windmills,Upper Legs,Abductors,Stretching,Intermediate,Body,1 or 3
world's greatest stretch,Upper Legs,Hamstrings,Stretching,Intermediate,Body,1 or 3
wrist circles,Arms,Forearms,Stretching,Beginner,Body,1 or 3
wrist roller,Arms,Forearms,Strength,Beginner,Other,2 or 3
straight bar wrist rotations,Arms,Forearms,Strength,Intermediate,Other,2 or 3
yoke walk,Upper Legs,Quadriceps,Strongman,Intermediate,Other,5
zercher squats,Upper Legs,Quadriceps,Strength,Intermediate,Barbell,2
zottman curl,Arms,Biceps,Strength,Intermediate,Dumbbell,2
zottman preacher curl biceps,Arms,Biceps,Strength,Intermediate,Dumbbell,2
